country,disaster_risk,disaster_category,governance_risk,logistics_risk,news_risk,final_risk_score,risk_level
Afghanistan,0.3563985196140219,Medium Risk,0.954272785,1.0,0.0,0.5776678261535055,High Risk
Albania,0.336382556505526,Medium Risk,0.429236311,0.75,0.0,0.3789047168763815,Medium Risk
Algeria,0.3533354111745987,Medium Risk,0.609688005,0.75,0.0,0.4282558540436497,Medium Risk
American Samoa,0.3503611217247875,Medium Risk,0.206534081,0.5378787879008265,0.0,0.2736934976564035,Low Risk
Angola,0.2857865209672191,Low Risk,0.652662686,0.916666667,0.0,0.4637789684918048,Medium Risk
Anguilla,0.30126138628113486,,0.204997919,0.5378787879008265,0.0,0.2610345232954904,Low Risk
Antigua and Barbuda,0.3048260850156412,Low Risk,0.313210301,0.583333333,0.0,0.30034242975391034,Medium Risk
Argentina,0.3694891394965503,Medium Risk,0.526668986,0.625,0.0,0.38028953137413757,Medium Risk
Armenia,0.2998603186910851,Low Risk,0.544707191,0.75,0.0,0.39864187742277124,Medium Risk
Australia,0.3856615171127139,Medium Risk,0.120334234,0.25,0.0,0.18899893777817847,Low Risk
Austria,0.3287834583164577,Low Risk,0.139138138,0.125,0.0,0.14823039907911442,Low Risk
Azerbaijan,0.2821456398109027,Low Risk,0.560690844,0.5378787879008265,0.0,0.3451788179279323,Medium Risk
Azores Islands,0.30126138628113486,,0.4632475918114286,0.5378787879008265,0.0,0.3255969414983475,Medium Risk
Bahamas,0.30126138628113486,,0.4632475918114286,0.5378787879008265,0.0,0.3255969414983475,Medium Risk
Bahrain,0.0439352641514358,Low Risk,0.386360314,0.333333333,0.0,0.19090722778785896,Low Risk
Bangladesh,0.4089506261718195,Medium Risk,0.624661753,0.708333333,0.0,0.4354864280429549,Medium Risk
Barbados,0.2392947643206372,Low Risk,0.288615712,0.5378787879008265,0.0,0.266447316055366,Low Risk
Belarus,0.2625464026709967,Low Risk,0.695571446,0.666666667,0.0,0.40619612891774914,Medium Risk
Belgium,0.3236379697111499,Low Risk,0.226631553,0.125,0.0,0.16881738067778748,Low Risk
Belize,0.3430874288760181,Medium Risk,0.486473753,0.5378787879008265,0.0,0.34185999244421117,Medium Risk
Benin,0.1359518755395331,Low Risk,0.539435092,0.583333333,0.0,0.3146800751348833,Medium Risk
Bermuda,0.2230273605598539,Low Risk,0.212705241,0.5378787879008265,0.0,0.2434028473651701,Low Risk
Bhutan,0.1019823928860566,Low Risk,0.269306787,0.75,0.0,0.2803222949715142,Low Risk
Bolivia (Plurinational State of),0.30126138628113486,,0.4632475918114286,0.5378787879008265,0.0,0.3255969414983475,Medium Risk
Bosnia and Herzegovina,0.3400508061602824,Medium Risk,0.588871746,0.541666667,0.0,0.3676473047900706,Medium Risk
Botswana,0.2829052683967848,Low Risk,0.298643687,0.5,0.0,0.2703872388491962,Low Risk
Brazil,0.4195171153648045,Medium Risk,0.555281195,0.458333333,0.0,0.3582829108412011,Medium Risk
British Virgin Islands,0.2597235922419406,Low Risk,0.4632475918114286,0.5378787879008265,0.0,0.3152124929885489,Medium Risk
Bulgaria,0.3143010156871283,Low Risk,0.420034275,0.458333333,0.0,0.2981671559217821,Low Risk
Burkina Faso,0.3282629403707433,Low Risk,0.747449054,0.833333333,0.0,0.4772613318426858,Medium Risk
Burundi,0.2826798511671543,Low Risk,0.749119638,0.5378787879008265,0.0,0.39241956926699517,Medium Risk
Cabo Verde,0.241733540025787,Low Risk,0.34322703,0.5378787879008265,0.0,0.2807098394816534,Low Risk
Cambodia,0.3585029994256633,Medium Risk,0.540195407,0.791666667,0.0,0.4225912683564158,Medium Risk
Cameroon,0.2822437251618554,Low Risk,0.726225161,0.916666667,0.0,0.48128388829046387,Medium Risk
Canada,0.3696823274851334,Medium Risk,0.138234989,0.125,0.0,0.15822932912128335,Low Risk
Canary Islands,0.30126138628113486,,0.4632475918114286,0.5378787879008265,0.0,0.3255969414983475,Medium Risk
Cayman Islands,0.3573228688191235,Medium Risk,0.156934014,0.5378787879008265,0.0,0.2630339176799875,Low Risk
Central African Republic,0.3189022846327116,Low Risk,0.919511755,0.75,0.0,0.4971035099081779,Medium Risk
Chad,0.3385973190839312,Medium Risk,0.812319305,0.5378787879008265,0.0,0.4221988529961894,Medium Risk
Chile,0.397131255169219,Medium Risk,0.329935955,0.541666667,0.0,0.3171834692923048,Medium Risk
China,0.4852293457478105,Medium Risk,0.441092845,0.25,0.0,0.29408054768695263,Low Risk
"China, Hong Kong Special Administrative Region",0.30126138628113486,,0.4632475918114286,0.5378787879008265,0.0,0.3255969414983475,Medium Risk
"China, Macao Special Administrative Region",0.30126138628113486,,0.4632475918114286,0.5378787879008265,0.0,0.3255969414983475,Medium Risk
Colombia,0.3789005492930821,Medium Risk,0.554240227,0.583333333,0.0,0.37911852732327056,Medium Risk
Comoros,0.2824122827116531,Low Risk,0.706327908,0.5378787879008265,0.0,0.3816547446531199,Medium Risk
Congo,0.30126138628113486,,0.4632475918114286,0.5378787879008265,0.0,0.3255969414983475,Medium Risk
Cook Islands,0.30126138628113486,,0.408664851,0.5378787879008265,0.0,0.31195125629549036,Medium Risk
Costa Rica,0.3376516958771318,Medium Risk,0.317211003,0.583333333,0.0,0.309549007969283,Medium Risk
Croatia,0.3587783777274934,Medium Risk,0.314148993,0.416666667,0.0,0.2723985094318734,Low Risk
Cuba,0.3978285510654622,Medium Risk,0.496147707,0.875,0.0,0.44224406451636555,Medium Risk
Curaçao,0.30126138628113486,,0.4632475918114286,0.5378787879008265,0.0,0.3255969414983475,Medium Risk
Cyprus,0.2354064822707855,Low Risk,0.305569097,0.458333333,0.0,0.2498272280676964,Low Risk
Czechia,0.3628705496013008,Medium Risk,0.186597108,0.416666667,0.0,0.2415335811503252,Low Risk
Côte d’Ivoire,0.30126138628113486,,0.4632475918114286,0.5378787879008265,0.0,0.3255969414983475,Medium Risk
Democratic People's Republic of Korea,0.30126138628113486,,0.4632475918114286,0.5378787879008265,0.0,0.3255969414983475,Medium Risk
Democratic Republic of the Congo,0.30126138628113486,,0.4632475918114286,0.5378787879008265,0.0,0.3255969414983475,Medium Risk
Denmark,0.2737099675375439,Low Risk,0.059103503,0.083333333,0.0,0.10403670088438598,Low Risk
Djibouti,0.1523696679360903,Low Risk,0.646407727,0.666666667,0.0,0.36636101548402256,Medium Risk
Dominica,0.3865141855222274,Medium Risk,0.27307416,0.5378787879008265,0.0,0.2993667833557635,Low Risk
Dominican Republic,0.3472499793476271,Medium Risk,0.431836568,0.708333333,0.0,0.37185497008690677,Medium Risk
Ecuador,0.3612217240222053,Medium Risk,0.598497819,0.5378787879008265,0.0,0.37439958273075796,Medium Risk
Egypt,0.2711749882219612,Low Risk,0.557443893,0.5,0.0,0.3321547203054903,Medium Risk
El Salvador,0.3684233826778667,Medium Risk,0.477435772,0.666666667,0.0,0.3781314554194667,Medium Risk
Equatorial Guinea,0.1098594877153921,Low Risk,0.689215382,0.5378787879008265,0.0,0.33423841440405466,Medium Risk
Eritrea,0.1358830243434495,Low Risk,0.808682224,0.5378787879008265,0.0,0.37061100906106903,Medium Risk
Estonia,0.2567777262618001,Low Risk,0.17617695,0.291666667,0.0,0.18115533581545,Low Risk
Eswatini,0.2057531939075412,Low Risk,0.602615395,0.5378787879008265,0.0,0.33656184420209195,Medium Risk
Ethiopia,0.3772783659120517,Medium Risk,0.731444953,0.5378787879008265,0.0,0.41165052670321955,Medium Risk
Fiji,0.3590678882861014,Medium Risk,0.324906732,0.833333333,0.0,0.37932698832152534,Medium Risk
Finland,0.0572404374437525,Low Risk,0.088333544,0.041666667,0.0,0.04681016211093812,Low Risk
France,0.3779464342539934,Medium Risk,0.23216506,0.166666667,0.0,0.19419454031349834,Low Risk
French Guiana,0.30126138628113486,,0.234447131,0.5378787879008265,0.0,0.26839682629549033,Low Risk
French Polynesia,0.2289673282149882,Low Risk,0.4632475918114286,0.5378787879008265,0.0,0.30752342698181084,Medium Risk
Gabon,0.1173490296314442,Low Risk,0.614752432,0.791666667,0.0,0.38094203215786104,Medium Risk
Gambia,0.30126138628113486,,0.4632475918114286,0.5378787879008265,0.0,0.3255969414983475,Medium Risk
Georgia,0.3296357182904083,Low Risk,0.399422102,0.666666667,0.0,0.3489311218226021,Medium Risk
Germany,0.38036653106455,Medium Risk,0.17837697,0.083333333,0.0,0.1605192085161375,Low Risk
Ghana,0.2712930042961198,Low Risk,0.469001321,0.75,0.0,0.37257358132402996,Medium Risk
Greece,0.3415826692340759,Medium Risk,0.402059706,0.25,0.0,0.248410593808519,Low Risk
Grenada,0.3624568996856043,Medium Risk,0.318590172,0.75,0.0,0.3577617679214011,Medium Risk
Guadeloupe,0.30126138628113486,,0.4632475918114286,0.5378787879008265,0.0,0.3255969414983475,Medium Risk
Guam,0.3545798440894135,Medium Risk,0.246397449,0.5378787879008265,0.0,0.28471402024756,Low Risk
Guatemala,0.3766340370620203,Medium Risk,0.633547685,0.708333333,0.0,0.4296287637655051,Medium Risk
Guinea,0.1327208511111505,Low Risk,0.689656794,0.75,0.0,0.39309441127778766,Medium Risk
Guinea-Bissau,0.1277873972521157,Low Risk,0.714049006,0.708333333,0.0,0.3875424340630289,Medium Risk
Guyana,0.3241050699051315,Low Risk,0.508268855,0.791666667,0.0,0.4060101479762829,Medium Risk
Haiti,0.3978015444231261,Medium Risk,0.864126953,0.916666667,0.0,0.5446487911057815,High Risk
Honduras,0.3422645463881034,Medium Risk,0.644444557,0.583333333,0.0,0.39251060909702584,Medium Risk
Hungary,0.3132971571156782,Low Risk,0.325587863,0.458333333,0.0,0.27430458827891957,Low Risk
Iceland,0.2526017623018728,Low Risk,0.082500317,0.291666667,0.0,0.15669218657546818,Low Risk
India,0.4599333705645241,Medium Risk,0.44909381,0.375,0.0,0.321006795141131,Medium Risk
Indonesia,0.4101499984696652,Medium Risk,0.449590941,0.541666667,0.0,0.3503519016174163,Medium Risk
Iran (Islamic Republic of),0.30126138628113486,,0.4632475918114286,0.5378787879008265,0.0,0.3255969414983475,Medium Risk
Iraq,0.3142509885779119,Low Risk,0.902937403,0.791666667,0.0,0.502213764644478,High Risk
Ireland,0.275468899327821,Low Risk,0.112404696,0.291666667,0.0,0.16988506558195524,Low Risk
Israel,0.3380537390078986,Medium Risk,0.413276907,0.291666667,0.0,0.2607493282519746,Low Risk
Italy,0.3760910911231558,Medium Risk,0.321235229,0.25,0.0,0.23683158003078897,Low Risk
Jamaica,0.3790985660090957,Medium Risk,0.400687271,0.75,0.0,0.38244645925227394,Medium Risk
Japan,0.4285829115034658,Medium Risk,0.113119436,0.166666667,0.0,0.17709225362586645,Low Risk
Jordan,0.1131785048307535,Low Risk,0.41517635,0.5378787879008265,0.0,0.266558410682895,Low Risk
Kazakhstan,0.297976235868632,Low Risk,0.498527036,0.666666667,0.0,0.365792484717158,Medium Risk
Kenya,0.3599711750362445,Medium Risk,0.580212115,0.5378787879008265,0.0,0.36951551948426775,Medium Risk
Kiribati,0.0989050350950287,Low Risk,0.320698202,0.5378787879008265,0.0,0.2393705062489638,Low Risk
Kuwait,0.0454941731628079,Low Risk,0.389203982,0.458333333,0.0,0.22325787204070197,Low Risk
Kyrgyzstan,0.30126138628113486,,0.660597944,0.833333333,0.0,0.44879816582028376,Medium Risk
Lao People's Democratic Republic,0.30126138628113486,,0.4632475918114286,0.5378787879008265,0.0,0.3255969414983475,Medium Risk
Latvia,0.2406105972251502,Low Risk,0.260211294,0.333333333,0.0,0.20853880605628755,Low Risk
Lebanon,0.3827378128331189,Medium Risk,0.801774391,0.5378787879008265,0.0,0.4305977479334864,Medium Risk
Lesotho,0.1502729582426222,Low Risk,0.594325071,0.5378787879008265,0.0,0.3206192042858622,Medium Risk
Liberia,0.1292660043184811,Low Risk,0.657076343,0.791666667,0.0,0.39450225357962027,Medium Risk
Libya,0.365388435049612,Medium Risk,0.909329791,1.0,0.0,0.568679556512403,High Risk
Liechtenstein,0.023601459607735,Low Risk,0.044494909,0.5378787879008265,0.0,0.1514937891271404,Low Risk
Lithuania,0.1806432252687973,Low Risk,0.200080949,0.375,0.0,0.18893104356719934,Low Risk
Luxembourg,0.2263229050936169,Low Risk,0.063604172,0.291666667,0.0,0.14539843602340424,Low Risk
Madagascar,0.3566137244476422,Medium Risk,0.672296557,0.833333333,0.0,0.4655609036119106,Medium Risk
Malawi,0.3653285460260956,Medium Risk,0.554170693,0.5378787879008265,0.0,0.3643445067317306,Medium Risk
Malaysia,0.3573922690824168,Medium Risk,0.31868158,0.291666667,0.0,0.24193512902060418,Low Risk
Maldives,0.3214233430597299,Low Risk,0.424846061,0.5378787879008265,0.0,0.3210370479901391,Medium Risk
Mali,0.3274578574533166,Low Risk,0.849496945,0.708333333,0.0,0.47132203386332916,Medium Risk
Malta,0.0492579968909115,Low Risk,0.290586009,0.416666667,0.0,0.18912766822272786,Low Risk
Marshall Islands,0.4556264377034163,Medium Risk,0.29270828,0.5378787879008265,0.0,0.32155337640106074,Medium Risk
Martinique,0.30126138628113486,,0.299420984,0.5378787879008265,0.0,0.28464028954549037,Low Risk
Mauritania,0.2657701489431404,Low Risk,0.608026373,0.833333333,0.0,0.4267824637357851,Medium Risk
Mauritius,0.2714404109458481,Low Risk,0.263225224,0.75,0.0,0.321166408736462,Medium Risk
Mayotte,0.30126138628113486,,0.4632475918114286,0.5378787879008265,0.0,0.3255969414983475,Medium Risk
Mexico,0.410045737387753,Medium Risk,0.585791855,0.583333333,1.0,0.6447927313469383,High Risk
Micronesia (Federated States of),0.30126138628113486,,0.4632475918114286,0.5378787879008265,0.0,0.3255969414983475,Medium Risk
Mongolia,0.3228362318615109,Low Risk,0.456631031,0.75,0.0,0.38236681571537773,Medium Risk
Montenegro,0.1064768291753385,Low Risk,0.428899315,0.625,0.0,0.29009403604383466,Low Risk
Montserrat,0.30126138628113486,,0.4632475918114286,0.5378787879008265,0.0,0.3255969414983475,Medium Risk
Morocco,0.3689373322537916,Medium Risk,0.495065831,0.5378787879008265,0.0,0.35047048778865453,Medium Risk
Mozambique,0.3763460954165059,Medium Risk,0.698846909,0.5378787879008265,0.0,0.4032679480793331,Medium Risk
Myanmar,0.3897242291319214,Medium Risk,0.902866889,0.5378787879008265,0.0,0.45761747650818696,Medium Risk
Namibia,0.3236585155421993,Low Risk,0.367535443,0.583333333,0.0,0.3186318228855498,Medium Risk
Nepal,0.3822029658373234,Medium Risk,0.574384029,0.5378787879008265,0.0,0.37361644568453745,Medium Risk
Netherlands (Kingdom of the),0.30126138628113486,,0.4632475918114286,0.5378787879008265,0.0,0.3255969414983475,Medium Risk
Netherlands Antilles,0.30126138628113486,,0.4632475918114286,0.5378787879008265,0.0,0.3255969414983475,Medium Risk
New Caledonia,0.228530393815651,Low Risk,0.4632475918114286,0.5378787879008265,0.0,0.3074141933819765,Medium Risk
New Zealand,0.3792838689551717,Medium Risk,0.073988109,0.291666667,0.0,0.18623466123879293,Low Risk
Nicaragua,0.3435436642706267,Medium Risk,0.655883296,0.75,0.0,0.4373567400676567,Medium Risk
Niger,0.3515111950060083,Medium Risk,0.699357957,0.5378787879008265,0.0,0.3971869849767087,Medium Risk
Nigeria,0.3845001687572284,Medium Risk,0.739299023,0.708333333,0.0,0.4580331311893071,Medium Risk
Niue,0.30126138628113486,,0.4632475918114286,0.5378787879008265,0.0,0.3255969414983475,Medium Risk
North Macedonia,0.3170864120475851,Low Risk,0.455456964,0.5,0.0,0.31813584401189626,Medium Risk
Northern Mariana Islands,0.172195054498023,Low Risk,0.4632475918114286,0.5378787879008265,0.0,0.2933303585525695,Low Risk
Norway,0.2581947129160884,Low Risk,0.079531912,0.25,0.0,0.1469316562290221,Low Risk
Oman,0.3182664613423367,Low Risk,0.330327048,0.416666667,0.0,0.26631504408558415,Low Risk
Pakistan,0.4238106464208638,Medium Risk,0.728320909,0.5378787879008265,0.0,0.42250258583042255,Medium Risk
Palau,0.3667143906161595,Medium Risk,0.249445825,0.5378787879008265,0.0,0.2885097508792465,Low Risk
Panama,0.316110799938167,Low Risk,0.479572956,0.5,0.0,0.3239209389845418,Medium Risk
Papua New Guinea,0.321235546517612,Low Risk,0.601033487,0.666666667,0.0,0.39723392512940303,Medium Risk
Paraguay,0.3035488051410014,Low Risk,0.530475743,0.666666667,0.0,0.3751728037852503,Medium Risk
Peru,0.3793191271193799,Medium Risk,0.578913438,0.541666667,0.0,0.37497480802984495,Medium Risk
Philippines,0.4268599044615886,Medium Risk,0.519623736,0.416666667,0.0,0.3407875768653972,Medium Risk
Poland,0.3326129915717725,Medium Risk,0.333143748,0.291666667,0.0,0.23935585164294312,Low Risk
Portugal,0.3435925760249284,Medium Risk,0.22404013,0.375,0.0,0.2356581765062321,Low Risk
Puerto Rico,0.30126138628113486,,0.400928336,0.5378787879008265,0.0,0.3100171275454904,Medium Risk
Qatar,0.2007729554845883,Low Risk,0.194802527,0.333333333,0.0,0.18222720387114708,Low Risk
Republic of Korea,0.30126138628113486,,0.4632475918114286,0.5378787879008265,0.0,0.3255969414983475,Medium Risk
Republic of Moldova,0.30126138628113486,,0.4632475918114286,0.5378787879008265,0.0,0.3255969414983475,Medium Risk
Romania,0.3356567501236472,Medium Risk,0.392406705,0.458333333,0.0,0.2965991970309118,Low Risk
Russian Federation,0.3711805385821174,Medium Risk,0.700719603,0.708333333,0.0,0.4450583686455294,Medium Risk
Rwanda,0.2932687273213443,Low Risk,0.393786838,0.625,0.0,0.3280138913303361,Medium Risk
Réunion,0.30126138628113486,,0.4632475918114286,0.5378787879008265,0.0,0.3255969414983475,Medium Risk
Saint Barthélemy,0.30126138628113486,,0.4632475918114286,0.5378787879008265,0.0,0.3255969414983475,Medium Risk
Saint Helena,0.30126138628113486,,0.4632475918114286,0.5378787879008265,0.0,0.3255969414983475,Medium Risk
Saint Kitts and Nevis,0.30126138628113486,,0.4632475918114286,0.5378787879008265,0.0,0.3255969414983475,Medium Risk
Saint Lucia,0.30126138628113486,,0.4632475918114286,0.5378787879008265,0.0,0.3255969414983475,Medium Risk
Saint Martin (French Part),0.30126138628113486,,0.4632475918114286,0.5378787879008265,0.0,0.3255969414983475,Medium Risk
Saint Vincent and the Grenadines,0.30126138628113486,,0.4632475918114286,0.5378787879008265,0.0,0.3255969414983475,Medium Risk
Samoa,0.3062291442118637,Low Risk,0.246743914,0.5378787879008265,0.0,0.2727129615281726,Low Risk
Sao Tome and Principe,0.135857651100888,Low Risk,0.546444215,0.5378787879008265,0.0,0.30504516350042865,Medium Risk
Saudi Arabia,0.2982646225329098,Low Risk,0.369454085,0.375,0.0,0.26067967688322746,Low Risk
Senegal,0.3015449302259259,Low Risk,0.479568761,0.5378787879008265,0.0,0.3297481197816881,Medium Risk
Serbia,0.3288648518377844,Low Risk,0.460133539,0.625,0.0,0.3534995977094461,Medium Risk
Serbia Montenegro,0.30126138628113486,,0.4632475918114286,0.5378787879008265,0.0,0.3255969414983475,Medium Risk
Seychelles,0.300228386606209,Low Risk,0.301808688,0.5378787879008265,0.0,0.28497896562675884,Low Risk
Sierra Leone,0.26330287562905,Low Risk,0.634404266,0.5378787879008265,0.0,0.3588964823824692,Medium Risk
Singapore,0.0906084201038074,Low Risk,0.0,0.0,0.0,0.02265210502595185,Low Risk
Sint Maarten (Dutch part),0.310573509027082,Low Risk,0.4632475918114286,0.5378787879008265,0.0,0.3279249721848343,Medium Risk
Slovakia,0.30126138628113486,,0.335909628,0.416666667,0.0,0.2634594203202837,Low Risk
Slovenia,0.3571795089660465,Medium Risk,0.213447007,0.416666667,0.0,0.24682329574151163,Low Risk
Solomon Islands,0.2913703725821373,Low Risk,0.496665075,0.625,0.0,0.35325886189553435,Medium Risk
Somalia,0.30126138628113486,,0.991166151,0.5378787879008265,0.0,0.4575765812954904,Medium Risk
South Africa,0.3905047532490863,Medium Risk,0.520137033,0.25,0.0,0.2901604465622716,Low Risk
South Sudan,0.161871760912797,Low Risk,0.997937638,0.5378787879008265,0.0,0.4244220467034059,Medium Risk
Spain,0.3600761329601613,Medium Risk,0.298435179,0.166666667,0.0,0.20629449474004033,Low Risk
Sri Lanka,0.3876244695163042,Medium Risk,0.521381129,0.625,0.0,0.38350139962907603,Medium Risk
State of Palestine,0.30126138628113486,,0.4632475918114286,0.5378787879008265,0.0,0.3255969414983475,Medium Risk
Sudan,0.3529719090262765,Medium Risk,0.954062722,0.791666667,0.0,0.5246753245065691,High Risk
Suriname,0.2529850620590182,Low Risk,0.502096189,0.5378787879008265,0.0,0.32324000973996114,Medium Risk
Sweden,0.3013468293410676,Low Risk,0.125785082,0.125,0.0,0.1380329778352669,Low Risk
Switzerland,0.3173249231840358,Low Risk,0.043275294,0.083333333,0.0,0.11098338754600896,Low Risk
Syrian Arab Republic,0.3908139673503683,Medium Risk,0.991506341,0.833333333,0.0,0.5539134103375921,High Risk
Taiwan (Province of China),0.30126138628113486,,0.4632475918114286,0.5378787879008265,0.0,0.3255969414983475,Medium Risk
Tajikistan,0.3516944607850719,Medium Risk,0.658650934,0.75,0.0,0.44008634869626795,Medium Risk
Thailand,0.4288458689925228,Medium Risk,0.440231153,0.333333333,0.0,0.30060258874813073,Medium Risk
Timor-Leste,0.2695700091611007,Low Risk,0.567740495,0.5378787879008265,0.0,0.3437973230154818,Medium Risk
Togo,0.1239270486066023,Low Risk,0.620644304,0.75,0.0,0.37364283815165056,Medium Risk
Tokelau,0.30126138628113486,,0.4632475918114286,0.5378787879008265,0.0,0.3255969414983475,Medium Risk
Tonga,0.4340518607614257,Medium Risk,0.326480982,0.5378787879008265,0.0,0.3246029076655631,Medium Risk
Trinidad and Tobago,0.2404447886419811,Low Risk,0.445336414,0.75,0.0,0.3589453006604953,Medium Risk
Tunisia,0.2639505891894067,Low Risk,0.539369054,0.5378787879008265,0.0,0.3352996077725583,Medium Risk
Turkmenistan,0.0,,0.681829317,0.5378787879008265,0.0,0.3049270262252066,Medium Risk
Turks and Caicos Islands,0.4111069788752297,Medium Risk,0.4632475918114286,0.5378787879008265,0.0,0.35305833964687117,Medium Risk
Tuvalu,0.5931603132142398,Medium Risk,0.30764372,0.5378787879008265,0.0,0.35967070527876654,Medium Risk
Türkiye,0.30126138628113486,,0.4632475918114286,0.5378787879008265,0.0,0.3255969414983475,Medium Risk
Uganda,0.2713149094869184,Low Risk,0.592727677,0.5378787879008265,0.0,0.35048034359693625,Medium Risk
Ukraine,0.3466652792316312,Medium Risk,0.671227982,0.666666667,0.0,0.4211399820579078,Medium Risk
United Arab Emirates,0.0614229020110256,Low Risk,0.19151354,0.125,0.0,0.0944841105027564,Low Risk
United Kingdom of Great Britain and Northern Ireland,0.30126138628113486,,0.4632475918114286,0.5378787879008265,0.0,0.3255969414983475,Medium Risk
United Republic of Tanzania,0.30126138628113486,,0.4632475918114286,0.5378787879008265,0.0,0.3255969414983475,Medium Risk
United States Virgin Islands,0.30126138628113486,,0.4632475918114286,0.5378787879008265,0.0,0.3255969414983475,Medium Risk
United States of America,0.30126138628113486,,0.4632475918114286,0.5378787879008265,0.0,0.3255969414983475,Medium Risk
Uruguay,0.3253257427268373,Low Risk,0.243345931,0.541666667,0.0,0.2775845851817093,Low Risk
Uzbekistan,0.2792094538337837,Low Risk,0.555860675,0.708333333,0.0,0.38585086545844594,Medium Risk
Vanuatu,0.3974418094819506,Medium Risk,0.409936352,0.5378787879008265,0.0,0.3363142373456943,Medium Risk
Venezuela (Bolivarian Republic of),0.30126138628113486,,0.4632475918114286,0.5378787879008265,0.0,0.3255969414983475,Medium Risk
Vietnam,0.4094549174143779,Medium Risk,0.45104773,0.416666667,0.0,0.31929232860359447,Medium Risk
Wallis and Futuna Islands,0.30126138628113486,,0.4632475918114286,0.5378787879008265,0.0,0.3255969414983475,Medium Risk
Yemen,0.30126138628113486,,0.4632475918114286,0.5378787879008265,0.0,0.3255969414983475,Medium Risk
Zambia,0.2692411419007238,Low Risk,0.53246157,0.5378787879008265,0.0,0.33489537495038757,Medium Risk
Zimbabwe,0.367522263332402,Medium Risk,0.729267184,0.75,0.0,0.4616973618331005,Medium Risk
